{"cameraMode":{"drawMode":0,"name":"Shaded","section":"Shading Mode"},"sceneLighting":true,"audioPlay":false,"sceneViewState":{"m_AlwaysRefresh":false,"showFog":true,"showSkybox":true,"showFlares":true,"showImageEffects":true,"showParticleSystems":true,"showVisualEffectGraphs":true,"m_FxEnabled":true},"in2DMode":false,"pivot":{"x":23.76373291015625,"y":-9.29975700378418,"z":-14.993743896484375},"rotation":{"x":0.7646293044090271,"y":-0.017389684915542604,"z":0.020649969577789308,"w":0.6439052224159241},"size":44.350799560546878,"orthographic":true}